user_id,username,password,created_timestamp
U20596,raghav20,bAi4PvWalX,2022-12-20 11:41:51
U05527,saanvi40,a68LryYLjO,2020-02-26 18:49:28
U05463,lallatanya,vpIXKzKqdR,2023-10-14 00:08:03
U58941,jbalakrishnan,34AjVfaPN9,2022-04-22 14:38:16
U03283,amanianne,GmdSgCuGg6,2020-12-31 21:00:54
U12480,ishita73,XKhPy6Icz1,2021-10-01 15:40:55
U52284,msule,OhF1S8qY1e,2021-05-08 13:45:56
U33471,mandazain,ikpNfVRS9l,2023-10-17 05:56:05
U63745,mannatbava,Npi5wkZ1ha,2022-05-30 03:43:44
U44706,shethshanaya,i7NMHOrD7W,2022-03-14 10:17:22
U00712,anahisangha,epJLVs6wTf,2022-11-05 18:50:57
U13886,olall,2XulBdQSTP,2021-08-28 20:13:08
U60271,ukota,PTys9TUWQb,2020-09-11 09:15:52
U09466,qdatta,KcdjgMZkNm,2021-11-28 15:42:58
U21071,shanayaluthra,I5XYc0Pxc7,2020-08-07 14:54:41
U49469,soodamani,aAwwrzaADl,2022-06-04 17:02:23
U40223,chackotarini,sgQBGPeuz4,2022-04-19 03:21:23
U20596,myogi,L13cpBDhj7,2023-01-30 12:52:49
U09478,cyadav,PWBE5q2lSU,2021-06-25 01:14:30
U33538,raniasalvi,fppslIE4Hq,2023-11-12 23:28:13
U30502,choudhuryalisha,Db36ZF5ixT,2020-11-16 19:01:08
U15673,yasminkaran,DfullGxGQI,2022-12-18 23:35:04
U35165,devisaanvi,sJTVLm4fRK,2020-06-28 17:24:12
U94710,baltushar,M4mIh37RmO,2021-01-09 14:45:44
U40246,advikgour,BvmRSHdmHT,2022-10-27 11:42:28
U22749,jhanvi52,MvcQdqjUgh,2022-10-13 13:29:02
U64507,ayeshasarma,MdLCOQwZMO,2020-05-22 12:53:55
U57909,mahika91,LAgdj9h7VF,2020-01-14 22:57:22
U31746,borahprisha,Zp6R0tcDRu,2020-12-16 21:18:13
U68045,pihu49,nLDnHIaH0B,2024-01-25 17:34:15
U48363,vasakashvi,5i4Sl9WjbY,2022-03-25 01:04:25
U14585,sanadugar,Piws7ozrDd,2020-12-12 08:57:52
U67432,nitara69,JujkLtTmr7,2020-11-17 18:05:10
U33554,cdeshmukh,JAEt6AWfbw,2022-10-06 09:26:27
U62237,hanshchakrabarti,6SUfc7b89I,2021-02-16 12:11:42
U34707,sandhuurvi,o9V0Wdc5v8,2020-05-22 04:19:23
U95509,mirayasani,JaSBIkbNtu,2022-10-10 15:18:43
U08553,khosladamini,XFcdPesTZe,2024-03-09 18:08:48
U17891,mahika87,L5ow5uex8W,2020-01-23 16:01:48
U14805,sarangokul,Me0rH3q2HV,2023-01-01 00:44:40
U44833,aayushdin,qvY15qEjq9,2022-03-14 04:52:07
U03266,hegdenavya,9PBm3U3KHn,2020-09-20 19:37:31
U02925,dchoudhary,nuRJEjR9L4,2022-08-17 05:09:17
U81042,chaudharyamira,ZcwpPJLoX6,2023-08-30 19:38:19
U52883,divijbaria,yKtCW2rZvo,2022-11-03 23:56:58
U71737,wasonhrishita,DzmGQR3bSg,2022-07-24 14:38:28
U78438,karyuvraj,u7hr7XQo0y,2022-10-28 05:01:17
U13675,chhabrajayan,vxqN6ZsaNP,2020-05-14 09:46:27
U04716,jhanvichandra,poBJdwzlDm,2023-08-28 10:01:53
U96067,kavya53,g8YQfllS2B,2020-04-06 09:51:32
U28015,gsarin,6qZovnk8aA,2021-09-02 15:58:02
U74777,ywadhwa,zpKkZ4YeNE,2023-12-23 23:07:12
U56094,mahikamaster,QBwXdMwOUU,2022-11-29 18:17:09
U81872,vivaanbal,i5FOaqiMpP,2021-02-26 10:46:33
U74907,sehermani,MfiNWqN0Ov,2020-01-22 08:34:25
U89548,karimiraya,Mtk41kl0DF,2021-01-08 18:36:43
U58305,saanvibehl,YcrRomYgAD,2023-12-12 02:45:08
U61933,borahzeeshan,alcV1pP475,2024-01-24 22:16:54
U91566,sarafnehmat,80wMujJH13,2024-01-18 02:28:12
U93813,rajuuthkarsh,WmqEfYTXVf,2022-04-07 12:42:19
U11301,ramakrishnanyasmin,QgIVnSXLNd,2021-02-02 01:45:09
U97340,kavya79,PzEduPF4Cr,2022-02-03 06:11:39
U59910,adah98,EJF6QVQo4T,2022-04-12 00:05:13
U37962,samranirvaan,CqJDvgEyHw,2023-05-06 07:51:43
U04543,fdora,Al0jvaGEiY,2021-01-15 15:10:11
U08060,kohliadvika,ep5ZbY2itE,2020-08-19 20:22:43
U74149,nbasak,L8iMMSi3hf,2020-12-24 12:41:30
U17114,shanayabarad,8hAQlF5GOp,2023-09-01 08:46:28
U22539,kotaivan,ssv3ETlKuq,2020-06-27 04:51:51
U87228,riyavenkataraman,sReULPyDjm,2021-03-24 08:07:01
U54493,cravi,3LOOu1vmFm,2023-09-17 10:58:52
U68542,vihaanhegde,MAxfNt5dKH,2023-12-29 11:50:44
U51078,srinivasanabram,9uF9g3Rn4M,2021-12-23 19:34:55
U52746,anvi47,6ISiCUDMKx,2020-10-25 00:55:49
U43950,keyarastogi,3i1W8eEaBa,2023-02-13 13:03:05
U25607,ryantailor,tWchIydwYk,2024-03-12 01:02:39
U65958,gchaudry,cewKpnwtoY,2020-11-23 09:50:40
U30241,virktiya,wUpYEeM2tJ,2021-11-18 20:30:42
U88860,xiyengar,seC9zMOOpn,2023-03-13 22:16:37
U16181,jrana,Z4BdpJaI8P,2022-01-29 23:32:01
U00892,ivanabhargava,yUlbJAmqRw,2022-02-01 23:40:54
U08470,samijayan,FBDKv6dHw8,2023-08-10 11:13:34
U35665,uthkarsh25,b6A6mlOvWC,2021-02-26 10:22:15
U60431,bhandarivihaan,UKzZFXNowv,2023-01-10 11:14:28
U00554,bhaminigoyal,XZhYK0xe80,2020-11-20 19:32:56
U19112,rania88,q7ZCboJwph,2022-11-27 16:47:38
U09509,damini54,as5n1Crt90,2024-02-10 20:48:32
U48787,bhaminikade,OK54EyucgJ,2021-03-02 09:13:50
U12259,hanshsekhon,T4EXrwwBnf,2021-02-04 15:19:39
U34042,amira62,iIqTQRmFbn,2020-12-15 13:50:01
U99542,suradiya,hqCNxWITSu,2020-07-13 15:08:55
U56335,tiya06,avSoSp7vQt,2020-06-01 18:43:29
U74251,sakshamshere,jnhM9RRanV,2020-11-05 12:37:11
U93531,choudharyvardaniya,ko1ldR83MB,2023-05-12 01:09:01
U80722,vgara,Cl4OmQsSSn,2022-11-04 18:37:50
U68955,fbanerjee,r1540CcaQj,2020-10-11 19:08:53
U01897,wlala,qbfsLly4Y6,2020-02-18 05:13:34
U99881,neelofar52,vLvyhwNB9z,2023-12-08 03:48:36
U62188,basakshayak,pEZoQxEf84,2023-08-26 13:01:21
U53395,ehsaanshukla,rfcN8mcTDY,2023-10-12 23:24:22
